{"id":"df08d72957235bcb","definitionId":"5a5aa47394deac57","name":"Hello World! in json","createdAt":"2024-10-04T16:09:38.4703884+00:00","version":1,"toolVersion":"3.2.0.0","variables":[{"id":"e5027647e5e2c7cd","name":"queryData","typeName":"Object","isArray":false,"storageDriverTypeName":"Elsa.Workflows.Services.WorkflowStorageDriver, Elsa.Workflows.Core"}],"inputs":[],"outputs":[],"outcomes":[],"customProperties":{},"isReadonly":false,"isSystem":false,"isLatest":true,"isPublished":true,"options":{"autoUpdateConsumingWorkflows":false},"root":{"type":"Elsa.Flowchart","version":1,"id":"80429f5a04718c89","nodeId":"Workflow1:80429f5a04718c89","metadata":{},"customProperties":{"source":"FlowchartJsonConverter.cs:45","notFoundConnections":[],"canStartWorkflow":false,"runAsynchronously":false},"activities":[{"path":{"typeName":"String","expression":{"type":"Literal","value":"hello-world-json"}},"supportedMethods":{"typeName":"String[]","expression":{"type":"Object","value":"[\u0022GET\u0022]"}},"authorize":{"typeName":"Boolean","expression":{"type":"Literal","value":false}},"policy":{"typeName":"String","expression":{"type":"Literal"}},"requestTimeout":null,"requestSizeLimit":null,"fileSizeLimit":null,"allowedFileExtensions":null,"blockedFileExtensions":null,"allowedMimeTypes":null,"exposeRequestTooLargeOutcome":false,"exposeFileTooLargeOutcome":false,"exposeInvalidFileExtensionOutcome":false,"exposeInvalidFileMimeTypeOutcome":false,"parsedContent":null,"files":null,"routeData":null,"queryStringData":null,"headers":null,"result":null,"id":"f3f1d5c19b3d34bb","nodeId":"Workflow1:80429f5a04718c89:f3f1d5c19b3d34bb","name":"HttpEndpoint1","type":"Elsa.HttpEndpoint","version":1,"customProperties":{"canStartWorkflow":true,"runAsynchronously":false},"metadata":{"designer":{"position":{"x":122.078125,"y":40},"size":{"width":174.15625,"height":50}}}},{"script":{"typeName":"String","expression":{"type":"Literal","value":"const queryData = getQueryStringDataFromHttpEndpoint1();\r\nsetVariable(\u0022queryData\u0022, queryData);"}},"possibleOutcomes":null,"result":null,"id":"7331f2d042488b5c","nodeId":"Workflow1:80429f5a04718c89:7331f2d042488b5c","name":"RunJavaScript1","type":"Elsa.RunJavaScript","version":1,"customProperties":{"canStartWorkflow":false,"runAsynchronously":false},"metadata":{"designer":{"position":{"x":401.1875,"y":40},"size":{"width":174.0625,"height":50}}}},{"statusCode":{"typeName":"System.Net.HttpStatusCode, System.Net.Primitives","expression":{"type":"Literal","value":"OK"}},"content":{"typeName":"Object","expression":{"type":"Liquid","value":"{\r\n    \u0022text\u0022:\u0022Hello world!\u0022,\r\n    \u0022message\u0022: \u0022{{Variables.queryData.message}}\u0022\r\n}"}},"contentType":{"typeName":"String","expression":{"type":"Literal","value":"text/json"}},"responseHeaders":{"typeName":"HttpHeaders","expression":{"type":"Literal","value":"{}"}},"id":"782c092fc4ee60b","nodeId":"Workflow1:80429f5a04718c89:782c092fc4ee60b","name":"WriteHttpResponse1","type":"Elsa.WriteHttpResponse","version":1,"customProperties":{"canStartWorkflow":false,"runAsynchronously":false},"metadata":{"designer":{"position":{"x":683.4921875,"y":40},"size":{"width":180.546875,"height":50}}}}],"connections":[{"source":{"activity":"f3f1d5c19b3d34bb","port":"Done"},"target":{"activity":"7331f2d042488b5c","port":"In"}},{"source":{"activity":"7331f2d042488b5c","port":"Done"},"target":{"activity":"782c092fc4ee60b","port":"In"}}]}}