{"id":"33e3f0e2666e7265","definitionId":"eb6762b183647e76","name":"Hello World!","createdAt":"2024-10-04T16:08:09.1414117+00:00","version":12,"toolVersion":"3.2.0.0","variables":[{"id":"e2d90442e5e742ad","name":"queryData","typeName":"Object","isArray":false,"storageDriverTypeName":"Elsa.Workflows.Services.WorkflowStorageDriver, Elsa.Workflows.Core"}],"inputs":[],"outputs":[],"outcomes":[],"customProperties":{},"isReadonly":false,"isSystem":false,"isLatest":true,"isPublished":true,"options":{"autoUpdateConsumingWorkflows":false},"root":{"type":"Elsa.Flowchart","version":1,"id":"24877877db0c3f6d","nodeId":"Workflow1:24877877db0c3f6d","metadata":{},"customProperties":{"source":"FlowchartJsonConverter.cs:45","notFoundConnections":[],"canStartWorkflow":false,"runAsynchronously":false},"activities":[{"path":{"typeName":"String","expression":{"type":"Literal","value":"hello-world"}},"supportedMethods":{"typeName":"String[]","expression":{"type":"Object","value":"[\u0022GET\u0022]"}},"authorize":{"typeName":"Boolean","expression":{"type":"Literal","value":false}},"policy":{"typeName":"String","expression":{"type":"Literal"}},"requestTimeout":null,"requestSizeLimit":null,"fileSizeLimit":null,"allowedFileExtensions":null,"blockedFileExtensions":null,"allowedMimeTypes":null,"exposeRequestTooLargeOutcome":false,"exposeFileTooLargeOutcome":false,"exposeInvalidFileExtensionOutcome":false,"exposeInvalidFileMimeTypeOutcome":false,"parsedContent":null,"files":null,"routeData":null,"queryStringData":null,"headers":null,"result":null,"id":"cd8dd7cd2fb86a83","nodeId":"Workflow1:24877877db0c3f6d:cd8dd7cd2fb86a83","name":"HttpEndpoint1","type":"Elsa.HttpEndpoint","version":1,"customProperties":{"canStartWorkflow":true,"runAsynchronously":false},"metadata":{"designer":{"position":{"x":122.078125,"y":40},"size":{"width":174.15625,"height":50}}}},{"script":{"typeName":"String","expression":{"type":"Literal","value":"const queryData = getQueryStringDataFromHttpEndpoint1();\r\nsetVariable(\u0022queryData\u0022, queryData);"}},"possibleOutcomes":null,"result":null,"id":"e9e6c75012049ec1","nodeId":"Workflow1:24877877db0c3f6d:e9e6c75012049ec1","name":"RunJavaScript1","type":"Elsa.RunJavaScript","version":1,"customProperties":{"logPersistenceMode":{"default":"Inherit","inputs":{},"outputs":{}},"canStartWorkflow":false,"runAsynchronously":false},"metadata":{"designer":{"position":{"x":401.1875,"y":40},"size":{"width":174.0625,"height":50}}}},{"statusCode":{"typeName":"System.Net.HttpStatusCode, System.Net.Primitives","expression":{"type":"Literal","value":"OK"}},"content":{"typeName":"Object","expression":{"type":"Liquid","value":"\u003Cb\u003EHello world!\u003C/b\u003E\r\n\u003Cp\u003E\r\nEchoing your input \u0022{{Variables.queryData.message}}\u0022\r\n\u003C/p\u003E\r\n\r\n\u003Cp\u003E\r\nUsage: https://localhost:5001/workflows/hello-world?message=[message]\r\n\u003C/p\u003E"}},"contentType":{"typeName":"String","expression":{"type":"Literal","value":"text/html"}},"responseHeaders":{"typeName":"HttpHeaders","expression":{"type":"Literal","value":"{}"}},"id":"35ee9b7e8d6194c6","nodeId":"Workflow1:24877877db0c3f6d:35ee9b7e8d6194c6","name":"WriteHttpResponse1","type":"Elsa.WriteHttpResponse","version":1,"customProperties":{"canStartWorkflow":false,"runAsynchronously":false},"metadata":{"designer":{"position":{"x":683.4921875,"y":40},"size":{"width":180.546875,"height":50}}}}],"connections":[{"source":{"activity":"cd8dd7cd2fb86a83","port":"Done"},"target":{"activity":"e9e6c75012049ec1","port":"In"}},{"source":{"activity":"e9e6c75012049ec1","port":"Done"},"target":{"activity":"35ee9b7e8d6194c6","port":"In"}}]}}